{
  "type": "object",
  "title": "DipAnalyserTradingMode",
  "properties": {
    "ignore_exchange_fees": {
        "title": "Ignore exchange fees when creating sell orders. When enabled, 100% of the bought assets will be sold, otherwise a small part will be kept to cover exchange fees.",
        "type": "boolean",
        "format": "checkbox",
        "default": false
    },
    "sell_orders_count": {
        "title": "Number of sell orders to create after each buy.",
        "type": "number",
        "multipleOf": 1.0,
        "minimum": 1
    },
    "light_weight_price_multiplier": {
        "title": "Price multiplier for the top sell order in a light price weight signal.",
        "type": "number",
        "minimum": 1
    },
    "medium_weight_price_multiplier": {
        "title": "Price multiplier for the top sell order in a medium price weight signal.",
        "type": "number",
        "minimum": 1
    },
    "heavy_weight_price_multiplier": {
        "title": "Price multiplier for the top sell order in a heavy price weight signal.",
        "type": "number",
        "minimum": 1
    },
    "light_weight_volume_multiplier": {
        "title": "Volume multiplier for the top sell order in a light volume weight signal.",
        "type": "number",
        "minimum": 0,
        "maximum": 1
    },
    "medium_weight_volume_multiplier": {
        "title": "Volume multiplier for the top sell order in a medium volume weight signal.",
        "type": "number",
        "minimum": 0,
        "maximum": 1
    },
    "heavy_weight_volume_multiplier": {
        "title": "Volume multiplier for the top sell order in a heavy volume weight signal.",
        "type": "number",
        "minimum": 0,
        "maximum": 1
    },
    "emit_trading_signals": {
        "title": "Emit trading signals on Astrolab for people to follow.",
        "type": "boolean",
        "format": "checkbox"
    },
    "trading_strategy": {
        "title": "Name of the strategy to send signals under on Astrolab.",
        "type": "string",
        "minLength": 0,
        "options": {
          "inputAttributes": {
            "placeholder": "my strategy name"
          }
        }
    }
  }
}