{
  "type": "object",
  "title": "DCATradingMode",
  "properties": {
    "amount_to_buy_in_reference_market": {
        "title": "The amount of dollars (or unit of reference market) to buy on each transaction.",
        "type": "number",
        "minimum": 1
    },
    "minutes_before_next_buy": {
        "title": "The amount of minutes to wait between each transaction (60 for 1 hour, 1440 for 1 day, 10080 for 1 week and 43200 1 month).",
        "type": "number",
        "multipleOf": 1.0,
        "minimum": 1
    }
  }
}