{
  "type": "object",
  "title": "DailyTradingMode",
  "properties": {
    "max_currency_percent": {
        "title": "Maximum currency percent: Maximum portfolio % to allocate on a given currency. Used to compute buy order volumes.",
        "type": "number",
        "minimum": 0,
        "maximum": 100,
        "default": 100
    },
    "use_stop_orders": {
        "title": "Stop orders: Use stop loss orders.",
        "type": "boolean",
        "format": "checkbox"
    },
    "sell_with_maximum_size_orders": {
        "title": "All in sell trades: Trade with all available funds at each sell order.",
        "type": "boolean",
        "format": "checkbox"
    },
    "buy_with_maximum_size_orders": {
        "title": "All in buy trades: Trade with all available funds at each buy order.",
        "type": "boolean",
        "format": "checkbox"
    },
    "disable_buy_orders": {
        "title": "Disable buy orders (buy market and buy limit).",
        "type": "boolean",
        "format": "checkbox"
    },
    "disable_sell_orders": {
        "title": "Disable sell orders (sell market and sell limit).",
        "type": "boolean",
        "format": "checkbox"
    },
    "use_prices_close_to_current_price": {
        "title": "Fixed limit prices: Use a fixed ratio to compute prices in sell / buy orders.",
        "type": "boolean",
        "format": "checkbox"
    },
    "close_to_current_price_difference": {
        "title": "Fixed limit prices difference: Difference to take into account when placing a limit order (used if fixed limit prices is enabled). For a 200 USD price and 0.005 in difference: buy price would be 199 and sell price 201.",
        "type": "number",
        "minimum": 0,
        "default": 0.005
    },
    "emit_trading_signals": {
        "title": "Emit trading signals.",
        "type": "boolean",
        "format": "checkbox"
    },
    "trading_strategy": {
        "title": "Name of the strategy to send signals on.",
        "type": "string",
        "minLength": 0,
        "options": {
          "inputAttributes": {
            "placeholder": "my strategy name"
          }
        }
    }
  }
}