{
  "type": "object",
  "title": "RemoteTradingSignalsTradingMode",
  "properties": {
    "trading_strategy": {
        "title": "Trading strategy: identifier of the trading strategy to use.",
        "type": "string",
        "options": {
          "inputAttributes": {
            "placeholder":  "Paste your trading strategy identifier here"
          }
        }
    },
    "max_volume": {
      "title": "Maximum volume per buy order in % of quote symbol holdings (USDT for BTC/USDT)",
      "type": "number",
      "minimum": 0,
      "maximum": 100
    }
  }
}